{"initial_reset_timestamp": 1519944015.98207, "timestamps": [1519944018.680429], "episode_lengths": [200], "episode_rewards": [-1102.1804499775928], "episode_types": ["t", "t"]}