{"initial_reset_timestamp": 1519863713.8594072, "timestamps": [1519863727.114754, 1519863741.3570812, 1519863745.781291, 1519863750.098609, 1519863754.278903, 1519863758.5157719, 1519863762.737986, 1519863766.9229922, 1519863780.6263769, 1519863785.541962, 1519863790.265337, 1519863794.4724889, 1519863798.664233, 1519863802.960875, 1519863807.2396328, 1519863811.496042, 1519863815.756547, 1519863819.962954, 1519863824.157287, 1519863828.4166121, 1519863832.636706, 1519863836.850546, 1519863841.095186, 1519863845.290921, 1519863849.5541341, 1519863853.745258, 1519863857.9580271, 1519863871.62192, 1519863876.111543, 1519863880.3197598, 1519863884.526413, 1519863888.70858, 1519863892.921022, 1519863897.131267, 1519863901.330987, 1519863905.5394409, 1519863909.712533, 1519863913.9476311, 1519863918.1648588, 1519863922.337785, 1519863926.538003, 1519863930.7095768, 1519863934.997217, 1519863939.213561, 1519863943.400115, 1519863947.606349, 1519863951.8548748, 1519863956.0548182, 1519863960.242374, 1519863964.442407, 1519863968.640394, 1519863972.835333, 1519863977.019659, 1519863981.246912, 1519863985.4513779, 1519863989.6537879, 1519863993.9038851, 1519863998.1365492, 1519864002.3554182, 1519864006.5788429, 1519864010.785781, 1519864015.016872, 1519864019.22844, 1519864023.455544, 1519864037.193213, 1519864041.840746, 1519864046.002829, 1519864050.227308, 1519864054.450948, 1519864058.678345, 1519864062.86388, 1519864067.053215, 1519864071.263751, 1519864075.485568, 1519864079.72289, 1519864083.92459, 1519864088.134073, 1519864092.3537211, 1519864096.562072, 1519864100.7781792, 1519864104.99514, 1519864109.1891332, 1519864113.401711, 1519864117.635226, 1519864121.830017, 1519864126.0536551, 1519864130.29883, 1519864134.51833, 1519864138.740376, 1519864142.958526, 1519864147.171833, 1519864151.3998022, 1519864155.666592, 1519864159.8770509, 1519864164.084575, 1519864168.284433, 1519864172.53708, 1519864176.8109598, 1519864180.985086, 1519864185.190542, 1519864189.402261, 1519864193.6154969, 1519864197.835048, 1519864202.037915, 1519864206.2361238, 1519864210.4161768, 1519864214.622796, 1519864218.831232, 1519864223.0353339, 1519864227.291434, 1519864231.502999, 1519864235.702023, 1519864239.927213, 1519864244.143904, 1519864248.349491, 1519864252.585473, 1519864256.798502, 1519864261.024235, 1519864265.246836, 1519864269.468875, 1519864273.688362, 1519864277.917865, 1519864282.1394591, 1519864286.376223, 1519864290.609975, 1519864304.226381, 1519864308.700213, 1519864312.9269261, 1519864317.170804, 1519864321.38366, 1519864325.615625, 1519864329.8169181, 1519864334.067777, 1519864338.3380249, 1519864342.666878, 1519864346.905746, 1519864351.144874, 1519864355.3612, 1519864359.561111, 1519864363.7911448, 1519864368.014761, 1519864372.198543, 1519864376.428471, 1519864380.680189, 1519864384.912035, 1519864389.1545038, 1519864393.357722, 1519864397.570501, 1519864401.760733, 1519864405.996352, 1519864410.2386801, 1519864414.474614, 1519864418.782542, 1519864423.104359, 1519864427.3514729, 1519864431.594143, 1519864435.904585, 1519864440.2471192, 1519864445.625248, 1519864450.194705, 1519864454.512141, 1519864459.451169, 1519864463.777005, 1519864468.066219, 1519864472.287955, 1519864476.553227, 1519864480.837518, 1519864485.082679, 1519864489.3683531, 1519864493.645298, 1519864497.874322, 1519864502.116723, 1519864506.366024, 1519864510.6211882, 1519864514.93951, 1519864519.191068, 1519864523.426642, 1519864527.70595, 1519864531.956981, 1519864536.2306619, 1519864540.470576, 1519864544.770724, 1519864549.025963, 1519864553.261285, 1519864557.558251, 1519864561.83422, 1519864566.064449, 1519864570.319354, 1519864574.5602171, 1519864578.80948, 1519864583.099775, 1519864587.334916, 1519864591.574676, 1519864595.809141, 1519864600.123095, 1519864604.3936582, 1519864608.653761, 1519864612.9266372, 1519864617.18357, 1519864621.553528], "episode_lengths": [200, 200, 200, 200, 200, 200, 200, 200, 200, 200, 200, 200, 200, 200, 200, 200, 200, 200, 200, 200, 200, 200, 200, 200, 200, 200, 200, 200, 200, 200, 200, 200, 200, 200, 200, 200, 200, 200, 200, 200, 200, 200, 200, 200, 200, 200, 200, 200, 200, 200, 200, 200, 200, 200, 200, 200, 200, 200, 200, 200, 200, 200, 200, 200, 200, 200, 200, 200, 200, 200, 200, 200, 200, 200, 200, 200, 200, 200, 200, 200, 200, 200, 200, 200, 200, 200, 200, 200, 200, 200, 200, 200, 200, 200, 200, 200, 200, 200, 200, 200, 200, 200, 200, 200, 200, 200, 200, 200, 200, 200, 200, 200, 200, 200, 200, 200, 200, 200, 200, 200, 200, 200, 200, 200, 200, 200, 200, 200, 200, 200, 200, 200, 200, 200, 200, 200, 200, 200, 200, 200, 200, 200, 200, 200, 200, 200, 200, 200, 200, 200, 200, 200, 200, 200, 200, 200, 200, 200, 200, 200, 200, 200, 200, 200, 200, 200, 200, 200, 200, 200, 200, 200, 200, 200, 200, 200, 200, 200, 200, 200, 200, 200, 200, 200, 200, 200, 200, 200, 200, 200, 200, 200, 200, 200, 200, 200, 200, 200, 200, 200],